source,detail_url,title_text,address_text,description,omv_nummer,decision_status,decision_date,public_inquiry_start,public_inquiry_end,demolition_keywords,demolition_candidate
antwerpen.consultatieomgeving.net/openbare_onderzoeken,https://antwerpen.consultatieomgeving.net/burger/nl/OpenbareOnderzoeken/Details/7a1ad521-cc0f-41a9-95fb-304a92dd62b1,Diepestraat 43-43A te 2060 Antwerpen - verbouwen van een meergezinswoning met wijzigen van de dakvorm en vermeerderen van het aantal woongelegenheden van 2 naar 3 (OMV_2026048737),Diepestraat 43-43A te 2060 Antwerpen,verbouwen van een meergezinswoning met wijzigen van de dakvorm en vermeerderen van het aantal woongelegenheden van 2 naar 3 (,OMV_2026048737,,,02/07/2026,31/07/2026,,no
antwerpen.consultatieomgeving.net/openbare_onderzoeken,https://antwerpen.consultatieomgeving.net/burger/nl/OpenbareOnderzoeken/Details/55335b75-db1b-4033-8b08-4822fc229b37,Van Arteveldestraat 54 te 2060 Antwerpen - verbouwen en uitbreiden van een meergezinswoning met 4 woongelegenheden (OMV_2026013326),Van Arteveldestraat 54 te 2060 Antwerpen,verbouwen en uitbreiden van een meergezinswoning met 4 woongelegenheden (,OMV_2026013326,,,02/07/2026,31/07/2026,,no
antwerpen.consultatieomgeving.net/openbare_onderzoeken,https://antwerpen.consultatieomgeving.net/burger/nl/OpenbareOnderzoeken/Details/62d2d05c-d3be-440e-b8db-84065e755b6c,Adolf Greinerstraat 14 te 2660 Hoboken (Antwerpen) - bijstellen van de stedenbouwkundige voorwaarden van vergunning OMV_2025110596 voor het bouwen van een gebouw (loods/brandweerstelplaats) en stallen van brandweervoertuigen (OMV_2026055155),Adolf Greinerstraat 14 te 2660 Hoboken (Antwerpen),bijstellen van de stedenbouwkundige voorwaarden van vergunning,OMV_2025110596,,,02/07/2026,31/07/2026,,no
antwerpen.consultatieomgeving.net/openbare_onderzoeken,https://antwerpen.consultatieomgeving.net/burger/nl/OpenbareOnderzoeken/Details/8640241a-e6c3-4f28-9070-9def04198f1b,Lange Koepoortstraat te 60 2000 Antwerpen - verbouwen van een woning met detailhandel op de gelijkvloerse verdieping (OMV_2026057354),Lange Koepoortstraat te 60 2000 Antwerpen,verbouwen van een woning met detailhandel op de gelijkvloerse verdieping (,OMV_2026057354,,,02/07/2026,31/07/2026,,no
antwerpen.consultatieomgeving.net/openbare_onderzoeken,https://antwerpen.consultatieomgeving.net/burger/nl/OpenbareOnderzoeken/Details/81573cf9-708b-43ec-9978-70dce26272f0,Groenstraat 39-41 te 2140 Borgerhout (Antwerpen) - verbouwen en uitbreiden van een eengezinswoning (OMV_2026052506),Groenstraat 39-41 te 2140 Borgerhout (Antwerpen),verbouwen en uitbreiden van een eengezinswoning (,OMV_2026052506,,,02/07/2026,31/07/2026,,no
antwerpen.consultatieomgeving.net/openbare_onderzoeken,https://antwerpen.consultatieomgeving.net/burger/nl/OpenbareOnderzoeken/Details/6de48bfc-7b2b-4204-8494-38d5ab794d31,11807G1754/00E000 - op- en overslagbedrijf van staal en andere bulk- en palletgoederen: hernieuwing en verandering (OMV_2025151055),11807G1754/00E000,op- en overslagbedrijf van staal en andere bulk- en palletgoederen: hernieuwing en verandering (,OMV_2025151055,,,02/07/2026,31/07/2026,,no
antwerpen.consultatieomgeving.net/openbare_onderzoeken,https://antwerpen.consultatieomgeving.net/burger/nl/OpenbareOnderzoeken/Details/1c39d712-fc4b-4cc7-a25c-bdc15d7db9fa,"Autolei 113, Mariastraat 10 te 2160 Wommelgem en Boterlaarbaan 575 te 2100 Deurne (Antwerpen) - plaatsen van buitenunits ventilatie-installatie en exploiteren van een sportcentrum met feestzaal (OMV_2025141019)","Autolei 113, Mariastraat 10 te 2160 Wommelgem en Boterlaarbaan 575 te 2100 Deurne (Antwerpen)",plaatsen van buitenunits ventilatie-installatie en exploiteren van een sportcentrum met feestzaal (,OMV_2025141019,,,02/07/2026,31/07/2026,,no
antwerpen.consultatieomgeving.net/openbare_onderzoeken,https://antwerpen.consultatieomgeving.net/burger/nl/OpenbareOnderzoeken/Details/bbcba398-b886-4bad-84f0-4b7eee18f0eb,"Indaver Hooge Maey en Moerstraat 99 te 2030 Antwerpen - Hernieuwing van de vergunning en nieuwe gebouwen en constructies, aanleggen van verhardingen. (OMV_2024113368)",Indaver Hooge Maey en Moerstraat 99 te 2030 Antwerpen,"Hernieuwing van de vergunning en nieuwe gebouwen en constructies, aanleggen van verhardingen. (",OMV_2024113368,,,02/07/2026,31/07/2026,,no
antwerpen.consultatieomgeving.net/openbare_onderzoeken,https://antwerpen.consultatieomgeving.net/burger/nl/OpenbareOnderzoeken/Details/d6ee1f15-7b95-4e9c-8323-be1d5e506d19,"Zandvoort 338 te 2030 Antwerpen. en Zandvoort 332 te 2030 Antwerpen. - Slopen van magazijn, uitbreiden van parkeergebouw, bouwen kantoor, plaatsen van constructies en aanhorigheden; terminal voor voertuigen en niet-IMDG-goederen: verandering en hernieuwing. (OMV_2025024900)",Zandvoort 338 te 2030 Antwerpen. en Zandvoort 332 te 2030 Antwerpen.,"Slopen van magazijn, uitbreiden van parkeergebouw, bouwen kantoor, plaatsen van constructies en aanhorigheden; terminal voor voertuigen en niet-IMDG-goederen: verandering en hernieuwing. (",OMV_2025024900,,,02/07/2026,31/07/2026,slopen,yes
antwerpen.consultatieomgeving.net/openbare_onderzoeken,https://antwerpen.consultatieomgeving.net/burger/nl/OpenbareOnderzoeken/Details/c21312d3-cddd-4a80-a72f-841f16fee54c,Kloosterstraat 114-116 te 2000 Antwerpen - slopen van 2 panden en bouwen van een gemengd gebouw met op het gelijkvloers een detailhandel en op de verdiepingen 6 woonentiteiten (OMV_2026062371),Kloosterstraat 114-116 te 2000 Antwerpen,slopen van 2 panden en bouwen van een gemengd gebouw met op het gelijkvloers een detailhandel en op de verdiepingen 6 woonentiteiten (,OMV_2026062371,,,01/07/2026,30/07/2026,slopen,yes
antwerpen.consultatieomgeving.net/openbare_onderzoeken,https://antwerpen.consultatieomgeving.net/burger/nl/OpenbareOnderzoeken/Details/594da28f-69de-48d0-a6e3-7483ce902116,Genuastraat 3 2000 Antwerpen - omvormen van een kantoor naar een zelfstandige woongelegenheid (OMV_2026033254),Genuastraat 3 2000 Antwerpen,omvormen van een kantoor naar een zelfstandige woongelegenheid (,OMV_2026033254,,,01/07/2026,30/07/2026,,no
antwerpen.consultatieomgeving.net/openbare_onderzoeken,https://antwerpen.consultatieomgeving.net/burger/nl/OpenbareOnderzoeken/Details/969d28f0-f56a-430d-b0ad-c4b5572d64ca,Willy Staeslei 71 te 2180 Ekeren (Antwerpen) - renoveren en uitbreiden van een eengezinswoning (OMV_2026048612),Willy Staeslei 71 te 2180 Ekeren (Antwerpen),renoveren en uitbreiden van een eengezinswoning (,OMV_2026048612,,,01/07/2026,30/07/2026,,no
antwerpen.consultatieomgeving.net/openbare_onderzoeken,https://antwerpen.consultatieomgeving.net/burger/nl/OpenbareOnderzoeken/Details/c372907f-3d6f-47b6-8972-6998eec6b8b6,Hulgenrodestraat Zn te 2150 Borsbeek (Antwerpen) - slopen van een bestaande loods en bouwen van 4 eengezinswoningen (OMV_2026042873),Hulgenrodestraat Zn te 2150 Borsbeek (Antwerpen),slopen van een bestaande loods en bouwen van 4 eengezinswoningen (,OMV_2026042873,,,30/06/2026,29/07/2026,slopen,yes
antwerpen.consultatieomgeving.net/openbare_onderzoeken,https://antwerpen.consultatieomgeving.net/burger/nl/OpenbareOnderzoeken/Details/d8218b3e-5a2a-49f9-8f3e-ef9ef5d513f4,Lange Brilstraat 14-16 te 2000 Antwerpen - wijzigen van de functie bedrijvigheid naar wonen en het vermeerderen van 2 naar 5 woonentiteiten (OMV_2026047585),Lange Brilstraat 14-16 te 2000 Antwerpen,wijzigen van de functie bedrijvigheid naar wonen en het vermeerderen van 2 naar 5 woonentiteiten (,OMV_2026047585,,,30/06/2026,29/07/2026,,no
antwerpen.consultatieomgeving.net/openbare_onderzoeken,https://antwerpen.consultatieomgeving.net/burger/nl/OpenbareOnderzoeken/Details/6ee35fa3-7f61-4a59-a408-51449fa8e66f,Kapelsesteenweg 459-461 te 2180 Antwerpen - verbouwen van een eengezinswoning naar een gemengd gebouw met gelijkvloers restaurant met bovenliggende woning (OMV_2026060233),Kapelsesteenweg 459-461 te 2180 Antwerpen,verbouwen van een eengezinswoning naar een gemengd gebouw met gelijkvloers restaurant met bovenliggende woning (,OMV_2026060233,,,30/06/2026,29/07/2026,,no
antwerpen.consultatieomgeving.net/openbare_onderzoeken,https://antwerpen.consultatieomgeving.net/burger/nl/OpenbareOnderzoeken/Details/f8b544e0-0d9f-4732-8e1a-7b2aeaf3c3a4,Petroleumkaai zn te 2020 Antwerpen en Benzineweg 11 2020 Antwerpen - uitvoeren van werkzaamheden voor de versterking en herinrichting van de waterkering langs de Schelde en de Hobokense polder (OMV_2026019087),Petroleumkaai zn te 2020 Antwerpen en Benzineweg 11 2020 Antwerpen,uitvoeren van werkzaamheden voor de versterking en herinrichting van de waterkering langs de Schelde en de Hobokense polder (,OMV_2026019087,,,30/06/2026,29/07/2026,,no
antwerpen.consultatieomgeving.net/openbare_onderzoeken,https://antwerpen.consultatieomgeving.net/burger/nl/OpenbareOnderzoeken/Details/32bde8e0-b523-492d-8b7d-253661cf26e4,Heistraat 319 te 2610 Wilrijk (Antwerpen) - verbouwen van de Rozenkranskerk (OMV_2026045224),Heistraat 319 te 2610 Wilrijk (Antwerpen),verbouwen van de Rozenkranskerk (,OMV_2026045224,,,30/06/2026,29/07/2026,,no
antwerpen.consultatieomgeving.net/openbare_onderzoeken,https://antwerpen.consultatieomgeving.net/burger/nl/OpenbareOnderzoeken/Details/ee7f2257-f197-4ea7-9d1b-1c7316554ce7,"Van de Wervestraat 57-61, Van Aerdtstraat 30-36 te 2060 Antwerpen - verbouwen van een magazijn en kantoorgebouw naar een kantoorgebouw, 4 eengezinswoningen, 3 meergezinswoningen en exploiteren van warmtepompen en een tijdelijke bemaling met bijstelling voorwaarden (OMV_2026037703)","Van de Wervestraat 57-61, Van Aerdtstraat 30-36 te 2060 Antwerpen","verbouwen van een magazijn en kantoorgebouw naar een kantoorgebouw, 4 eengezinswoningen, 3 meergezinswoningen en exploiteren van warmtepompen en een tijdelijke bemaling met bijstelling voorwaarden (",OMV_2026037703,,,29/06/2026,28/07/2026,,no
antwerpen.consultatieomgeving.net/openbare_onderzoeken,https://antwerpen.consultatieomgeving.net/burger/nl/OpenbareOnderzoeken/Details/3206ad79-0671-4dde-b0bd-890952ffdf44,"Graaf van Egmontstraat 2-8, Scheldestraat 38, Vlaamsekaai 1 te 2000 Antwerpen - slopen van de volledige, bestaande bebouwing en oprichten van een meergezinswoning met 10 wooneenheden en 2 commerciële ruimtes en exploiteren van warmtepompen en een bronbemaling in het kader van bouwkundige werken (OMV_2026021192)","Graaf van Egmontstraat 2-8, Scheldestraat 38, Vlaamsekaai 1 te 2000 Antwerpen","slopen van de volledige, bestaande bebouwing en oprichten van een meergezinswoning met 10 wooneenheden en 2 commerciële ruimtes en exploiteren van warmtepompen en een bronbemaling in het kader van bouwkundige werken (",OMV_2026021192,,,29/06/2026,28/07/2026,slopen,yes
antwerpen.consultatieomgeving.net/openbare_onderzoeken,https://antwerpen.consultatieomgeving.net/burger/nl/OpenbareOnderzoeken/Details/767d74f9-8fc9-478f-91f1-e94e3a7a7eb3,Gijselsstraat 177 te 2140 Borgerhout (Antwerpen) - hernieuwen vergunning van een LUKOIL-tankstation met shop (OMV_2026070045),Gijselsstraat 177 te 2140 Borgerhout (Antwerpen),hernieuwen vergunning van een LUKOIL-tankstation met shop (,OMV_2026070045,,,29/06/2026,28/07/2026,,no
antwerpen.consultatieomgeving.net/openbare_onderzoeken,https://antwerpen.consultatieomgeving.net/burger/nl/OpenbareOnderzoeken/Details/b18e1747-6794-44b4-b68e-0dad9f188b90,"Van Diepenbeeckstraat 67, 71 te 2018 Antwerpen - herbouwen van een gargagewerkplaats met magazijn in binnengebied tot een synagoge na sloop, en het exploiteren van de technieken (OMV_2026010711)","Van Diepenbeeckstraat 67, 71 te 2018 Antwerpen","herbouwen van een gargagewerkplaats met magazijn in binnengebied tot een synagoge na sloop, en het exploiteren van de technieken (",OMV_2026010711,,,28/06/2026,27/07/2026,sloop,yes
antwerpen.consultatieomgeving.net/openbare_onderzoeken,https://antwerpen.consultatieomgeving.net/burger/nl/OpenbareOnderzoeken/Details/c2e2ec79-4349-4d30-a765-09e93be501c1,Slachthuislaan 72 te 2060 Antwerpen - doorvoeren van wijzigingen aan een studentenhuisvesting en exploiteren van bijkomende warmtepompen op het dak (OMV_2026037401),Slachthuislaan 72 te 2060 Antwerpen,doorvoeren van wijzigingen aan een studentenhuisvesting en exploiteren van bijkomende warmtepompen op het dak (,OMV_2026037401,,,27/06/2026,26/07/2026,,no
antwerpen.consultatieomgeving.net/openbare_onderzoeken,https://antwerpen.consultatieomgeving.net/burger/nl/OpenbareOnderzoeken/Details/c55a474a-7609-4100-ba22-4195a8621277,Verschansingstraat 36-38 te 2000 Antwerpen - slopen van de bestaande bebouwing en bouwen van een meergezinswoning met 7 wooneenheden met ondergrondse parkeergarage; exploiteren van een tijdelijke bemaling voor de uitvoering van dit nieuwbouwproject (OMV_2026028810),Verschansingstraat 36-38 te 2000 Antwerpen,slopen van de bestaande bebouwing en bouwen van een meergezinswoning met 7 wooneenheden met ondergrondse parkeergarage; exploiteren van een tijdelijke bemaling voor de uitvoering van dit nieuwbouwproject (,OMV_2026028810,,,27/06/2026,26/07/2026,slopen,yes
antwerpen.consultatieomgeving.net/openbare_onderzoeken,https://antwerpen.consultatieomgeving.net/burger/nl/OpenbareOnderzoeken/Details/3a3651d6-eb39-4baf-ab5b-e5f81aa4a851,Welvaartstraat 72-74 te 2000 Antwerpen - oprichten van een meergezinswoning met 8 appartementen na sloop en exploiteren van een warmtepomp (OMV_2026047638),Welvaartstraat 72-74 te 2000 Antwerpen,oprichten van een meergezinswoning met 8 appartementen na sloop en exploiteren van een warmtepomp (,OMV_2026047638,,,27/06/2026,26/07/2026,sloop,yes
antwerpen.consultatieomgeving.net/openbare_onderzoeken,https://antwerpen.consultatieomgeving.net/burger/nl/OpenbareOnderzoeken/Details/8847bf40-8945-4250-90cd-467caa6da58e,"Matigheidstraat 2-8, Onderwijsstraat 11, Schoolstraat 10-12 en Spaarstraat 1-7 te 2060 Antwerpen - verbouwen en herinrichten van 28 noodwoningen (OMV_2026036446)","Matigheidstraat 2-8, Onderwijsstraat 11, Schoolstraat 10-12 en Spaarstraat 1-7 te 2060 Antwerpen",verbouwen en herinrichten van 28 noodwoningen (,OMV_2026036446,,,26/06/2026,25/07/2026,,no
antwerpen.consultatieomgeving.net/openbare_onderzoeken,https://antwerpen.consultatieomgeving.net/burger/nl/OpenbareOnderzoeken/Details/2562a6ef-82ba-482e-b308-6ccf3dc0859a,Carnotstraat 87-91 te 2060 Antwerpen - wijzigen van de voorgevel: plaatsen van zaakgebonden publiciteit en drie geldautomaten (OMV_2026050527),Carnotstraat 87-91 te 2060 Antwerpen,wijzigen van de voorgevel: plaatsen van zaakgebonden publiciteit en drie geldautomaten (,OMV_2026050527,,,26/06/2026,25/07/2026,,no
antwerpen.consultatieomgeving.net/openbare_onderzoeken,https://antwerpen.consultatieomgeving.net/burger/nl/OpenbareOnderzoeken/Details/6aaec69d-89d4-4f8b-b75f-8d0fb9f16f65,Praaglaan 18 te 2660 Antwerpen - plaatsen van een zwembad en aanleggen van verharding bij een eengezinswoning (OMV_2026025882),Praaglaan 18 te 2660 Antwerpen,plaatsen van een zwembad en aanleggen van verharding bij een eengezinswoning (,OMV_2026025882,,,26/06/2026,25/07/2026,,no
antwerpen.consultatieomgeving.net/openbare_onderzoeken,https://antwerpen.consultatieomgeving.net/burger/nl/OpenbareOnderzoeken/Details/fe4fcb1c-83f7-4785-98eb-edb4a9680ea2,Jodenstraat 20 en Schuttershofstraat 23-25 te 2000 Antwerpen - verbouwen en samenvoegen van 2 handelshuizen naar een handelshuis en een zelfstandige woongelegenheid. (OMV_2026029978),Jodenstraat 20 en Schuttershofstraat 23-25 te 2000 Antwerpen,verbouwen en samenvoegen van 2 handelshuizen naar een handelshuis en een zelfstandige woongelegenheid. (,OMV_2026029978,,,26/06/2026,25/07/2026,,no
antwerpen.consultatieomgeving.net/openbare_onderzoeken,https://antwerpen.consultatieomgeving.net/burger/nl/OpenbareOnderzoeken/Details/1c8b6660-5330-4aec-a7f1-a7bf2e6a6caa,"Verlatstraat 9-15 te 2000 Antwerpen, Vorstermanstraat 2-12 te 2000 Antwerpen - doorvoeren van wijzigingen ten opzichte van de vergunde toestand (OMV_2022130768) (OMV_2026055134)","Verlatstraat 9-15 te 2000 Antwerpen, Vorstermanstraat 2-12 te 2000 Antwerpen",doorvoeren van wijzigingen ten opzichte van de vergunde toestand (,OMV_2022130768,,,26/06/2026,25/07/2026,,no
antwerpen.consultatieomgeving.net/openbare_onderzoeken,https://antwerpen.consultatieomgeving.net/burger/nl/OpenbareOnderzoeken/Details/53b9811e-151f-4435-b997-ae76bdbc5cf6,Blauwmoezelstraat 2-2A te 2000 Antwerpen - wijzigen van de functie op het gelijkvloers van dareca naar detailhandel en het aanbrengen van zaak-gebondenpubliciteit (OMV_2026051654),Blauwmoezelstraat 2-2A te 2000 Antwerpen,wijzigen van de functie op het gelijkvloers van dareca naar detailhandel en het aanbrengen van zaak-gebondenpubliciteit (,OMV_2026051654,,,26/06/2026,25/07/2026,,no
antwerpen.consultatieomgeving.net/openbare_onderzoeken,https://antwerpen.consultatieomgeving.net/burger/nl/OpenbareOnderzoeken/Details/261d0903-120e-43e7-b57c-f4543d9edc80,Grote Markt 56 te 2000 Antwerpen - Verbouwen van een eengezinswoning met nevenfunctie naar een meergezinswoning (coliving) met vrij beroep (OMV_2025106127),Grote Markt 56 te 2000 Antwerpen,Verbouwen van een eengezinswoning met nevenfunctie naar een meergezinswoning (coliving) met vrij beroep (,OMV_2025106127,,,26/06/2026,25/07/2026,,no
antwerpen.consultatieomgeving.net/openbare_onderzoeken,https://antwerpen.consultatieomgeving.net/burger/nl/OpenbareOnderzoeken/Details/3d7ac3e0-4a61-4ec9-9781-efb1479c3b6c,"Van der Sweepstraat 12-14 te 2000 Antwerpen - oprichten van een woontoren met 172 wooneenheden, een detailhandel en recazaak, een groenzone en parkbos, en een ondergrondse parking; exploiteren van warmtepompen en een tijdelijke bemaling voor de aanleg van de ondergrondse parkeergarage, funderingen en liftschachten (OMV_2025077067)",Van der Sweepstraat 12-14 te 2000 Antwerpen,"oprichten van een woontoren met 172 wooneenheden, een detailhandel en recazaak, een groenzone en parkbos, en een ondergrondse parking; exploiteren van warmtepompen en een tijdelijke bemaling voor de aanleg van de ondergrondse parkeergarage, funderingen en liftschachten (",OMV_2025077067,,,25/06/2026,24/07/2026,,no
antwerpen.consultatieomgeving.net/openbare_onderzoeken,https://antwerpen.consultatieomgeving.net/burger/nl/OpenbareOnderzoeken/Details/c279eb52-1471-4e8c-9787-fa6543bdd04b,Polderdijkweg 3 te 2030 Antwerpen. - Een verzoek tot bijstelling van een bijzondere milieuvoorwaarde. (OMV_2026066937),Polderdijkweg 3 te 2030 Antwerpen.,Een verzoek tot bijstelling van een bijzondere milieuvoorwaarde. (,OMV_2026066937,,,25/06/2026,24/07/2026,,no
antwerpen.consultatieomgeving.net/openbare_onderzoeken,https://antwerpen.consultatieomgeving.net/burger/nl/OpenbareOnderzoeken/Details/506a3ae3-db6a-4033-bcdc-d54fe812098c,Bervoetstraat 51-55/55A te 2000 Antwerpen - vermeerderen van het aantal woongelegenheden van 1 naar 4 (OMV_2026029481),Bervoetstraat 51-55/55A te 2000 Antwerpen,vermeerderen van het aantal woongelegenheden van 1 naar 4 (,OMV_2026029481,,,24/06/2026,23/07/2026,,no
antwerpen.consultatieomgeving.net/openbare_onderzoeken,https://antwerpen.consultatieomgeving.net/burger/nl/OpenbareOnderzoeken/Details/14b112f4-4b6a-4752-9dd7-a9b771bb04a4,Begijnenvest 40-40A te 2000 Antwerpen - bijstellen van een stedenbouwkundige voorwaarde (OMV_2026063080),Begijnenvest 40-40A te 2000 Antwerpen,bijstellen van een stedenbouwkundige voorwaarde (,OMV_2026063080,,,22/06/2026,21/07/2026,,no
antwerpen.consultatieomgeving.net/openbare_onderzoeken,https://antwerpen.consultatieomgeving.net/burger/nl/OpenbareOnderzoeken/Details/e419b86c-9f4a-416c-b6ec-bae241cd8ae3,Lombardenvest 24-26 te 2000 Antwerpen - vermeerderen van het aantal woongelegenheden van 6 naar 7 en het uitbreiden van het volume (OMV_2026029020),Lombardenvest 24-26 te 2000 Antwerpen,vermeerderen van het aantal woongelegenheden van 6 naar 7 en het uitbreiden van het volume (,OMV_2026029020,,,22/06/2026,21/07/2026,,no
antwerpen.consultatieomgeving.net/openbare_onderzoeken,https://antwerpen.consultatieomgeving.net/burger/nl/OpenbareOnderzoeken/Details/5d4aba44-c257-4f8d-8510-7a890868d675,"Verbondstraat 65-67A te 2000 Antwerpen - slopen van bestaande bebouwing, bouwen van een sportcomplex, woongelegenheden met ondergrondse parking en exploiteren van warmtepompen en een tijdelijke bronbemaling in functie van de werken (OMV_2024142206)",Verbondstraat 65-67A te 2000 Antwerpen,"slopen van bestaande bebouwing, bouwen van een sportcomplex, woongelegenheden met ondergrondse parking en exploiteren van warmtepompen en een tijdelijke bronbemaling in functie van de werken (",OMV_2024142206,,,22/06/2026,21/07/2026,slopen,yes
antwerpen.consultatieomgeving.net/openbare_onderzoeken,https://antwerpen.consultatieomgeving.net/burger/nl/OpenbareOnderzoeken/Details/5e377e3f-03dd-44b9-ba69-703fa1e9d502,"Kronenburgstraat 1-5 te 2000 Antwerpen - bouwen van een meergezinswoning met 11 appartementen en commercieel gelijkvloers, exploitatie van warmtepompen (OMV_2026018650)",Kronenburgstraat 1-5 te 2000 Antwerpen,"bouwen van een meergezinswoning met 11 appartementen en commercieel gelijkvloers, exploitatie van warmtepompen (",OMV_2026018650,,,21/06/2026,20/07/2026,,no
antwerpen.consultatieomgeving.net/openbare_onderzoeken,https://antwerpen.consultatieomgeving.net/burger/nl/OpenbareOnderzoeken/Details/7c33eaa1-ee46-4a88-948e-5452859951bd,Industrieweg 11 te 2030 Antwerpen - de uitbreiding en bijstelling van een bemaling (OMV_2026052401),Industrieweg 11 te 2030 Antwerpen,de uitbreiding en bijstelling van een bemaling (,OMV_2026052401,,,21/06/2026,20/07/2026,,no
antwerpen.consultatieomgeving.net/openbare_onderzoeken,https://antwerpen.consultatieomgeving.net/burger/nl/OpenbareOnderzoeken/Details/66aa4434-ac76-4bcd-81ec-1fe4c79092d2,"Scheldelaan z/n te 2040 Antwerpen. - Aanleg van een NH3-leiding en aanhorigheden, ontbossing; bemaling; vegetatiewijziging. (OMV_2026015064)",Scheldelaan z/n te 2040 Antwerpen.,"Aanleg van een NH3-leiding en aanhorigheden, ontbossing; bemaling; vegetatiewijziging. (",OMV_2026015064,,,20/06/2026,19/07/2026,,no
antwerpen.consultatieomgeving.net/openbare_onderzoeken,https://antwerpen.consultatieomgeving.net/burger/nl/OpenbareOnderzoeken/Details/44a524ee-2a21-4e35-9f74-0f037dd9432b,Scheldelaan z/n te 2030 Antwerpen. - Aanleg van een NH3-leiding en aanhorigheden; bemaling; vegetatiewijziging. (OMV_2026014693),Scheldelaan z/n te 2030 Antwerpen.,Aanleg van een NH3-leiding en aanhorigheden; bemaling; vegetatiewijziging. (,OMV_2026014693,,,20/06/2026,19/07/2026,,no
antwerpen.consultatieomgeving.net/openbare_onderzoeken,https://antwerpen.consultatieomgeving.net/burger/nl/OpenbareOnderzoeken/Details/7465b7c1-c27d-4a4c-9843-a4433079e59a,Lange Bremstraat 44 te 2170 Merksem (Antwerpen) - verbouwen en uitbreiden van een eengezinswoning (OMV_2026035330),Lange Bremstraat 44 te 2170 Merksem (Antwerpen),verbouwen en uitbreiden van een eengezinswoning (,OMV_2026035330,,,19/06/2026,18/07/2026,,no
antwerpen.consultatieomgeving.net/openbare_onderzoeken,https://antwerpen.consultatieomgeving.net/burger/nl/OpenbareOnderzoeken/Details/a0e7c0c9-a2dc-43e3-ac7f-16e31788b4c4,Saucierstraat 4 te 2000 Antwerpen - wijzigen van de functie van de gelijkvloerse verdieping en mezzanine van detailhandel naar kantoorruimte (OMV_2026025103),Saucierstraat 4 te 2000 Antwerpen,wijzigen van de functie van de gelijkvloerse verdieping en mezzanine van detailhandel naar kantoorruimte (,OMV_2026025103,,,19/06/2026,18/07/2026,,no
antwerpen.consultatieomgeving.net/openbare_onderzoeken,https://antwerpen.consultatieomgeving.net/burger/nl/OpenbareOnderzoeken/Details/aabc1eae-9cf1-4fba-ba2b-18a896efe65b,Keesinglaan 16-20 te 2100 Deurne (Antwerpen) - plaatsen van zaakgebonden publiciteit (OMV_2026051894),Keesinglaan 16-20 te 2100 Deurne (Antwerpen),plaatsen van zaakgebonden publiciteit (,OMV_2026051894,,,19/06/2026,18/07/2026,,no
antwerpen.consultatieomgeving.net/openbare_onderzoeken,https://antwerpen.consultatieomgeving.net/burger/nl/OpenbareOnderzoeken/Details/42902cdc-7d0b-4c21-8a11-588192b33a87,"Boechoutsesteenweg 3 te 2150 Borsbeek (Antwerpen) - Dossier aangemaakt via het digitaal loket, gelieve een onderwerp in te vullen... (OMV_2026064100)",Boechoutsesteenweg 3 te 2150 Borsbeek (Antwerpen),"Dossier aangemaakt via het digitaal loket, gelieve een onderwerp in te vullen... (",OMV_2026064100,,,19/06/2026,18/07/2026,,no
antwerpen.consultatieomgeving.net/openbare_onderzoeken,https://antwerpen.consultatieomgeving.net/burger/nl/OpenbareOnderzoeken/Details/ab1599fa-2f8b-49d9-a8bd-97a407224ecf,Schoenmarkt 4 te 2000 Antwerpen - wijzigen van de voorgevel en plaatsen van zaakgebonden publiciteit (OMV_2026042503),Schoenmarkt 4 te 2000 Antwerpen,wijzigen van de voorgevel en plaatsen van zaakgebonden publiciteit (,OMV_2026042503,,,18/06/2026,17/07/2026,,no
antwerpen.consultatieomgeving.net/openbare_onderzoeken,https://antwerpen.consultatieomgeving.net/burger/nl/OpenbareOnderzoeken/Details/1f45e400-601b-4ae7-a9f9-de17cc21cb72,Jos De Ceulaerdestraat 14 te 2660 Hoboken (Antwerpen) - plaatsen van een terrasoverkapping met wijziging van de scheimuren (OMV_2026026092),Jos De Ceulaerdestraat 14 te 2660 Hoboken (Antwerpen),plaatsen van een terrasoverkapping met wijziging van de scheimuren (,OMV_2026026092,,,18/06/2026,17/07/2026,,no
antwerpen.consultatieomgeving.net/openbare_onderzoeken,https://antwerpen.consultatieomgeving.net/burger/nl/OpenbareOnderzoeken/Details/632fbfa6-c417-4537-8581-61cf734bec0a,"Zoutestraat 86 te 2040 Berendrecht-Zandvliet-Lillo (Antwerpen) - uitbreiden van een bestaand landbouwbedrijf met nieuwe loods, regularisatie van een afdak, overdekt terras, zwembad en verhardingen en exploiteren van een landbouwloods (OMV_2026061023)",Zoutestraat 86 te 2040 Berendrecht-Zandvliet-Lillo (Antwerpen),"uitbreiden van een bestaand landbouwbedrijf met nieuwe loods, regularisatie van een afdak, overdekt terras, zwembad en verhardingen en exploiteren van een landbouwloods (",OMV_2026061023,,,18/06/2026,17/07/2026,,no
antwerpen.consultatieomgeving.net/openbare_onderzoeken,https://antwerpen.consultatieomgeving.net/burger/nl/OpenbareOnderzoeken/Details/8fd8d5e8-7507-4512-83a2-5d5c6368fa39,Lange Beeldekensstraat 49 te 2060 Antwerpen - verbouwen en uitbreiden van een meergezinswoning met twee eenslaapkamerappartementen (OMV_2026029101),Lange Beeldekensstraat 49 te 2060 Antwerpen,verbouwen en uitbreiden van een meergezinswoning met twee eenslaapkamerappartementen (,OMV_2026029101,,,18/06/2026,17/07/2026,,no
antwerpen.consultatieomgeving.net/openbare_onderzoeken,https://antwerpen.consultatieomgeving.net/burger/nl/OpenbareOnderzoeken/Details/a04b77eb-d2a6-41f5-8cf1-9219d1725760,Wiegstraat 3 te 2000 Antwerpen - wijzigen van de functie van detailhandel naar restaurant-café en plaatsen van zaakgebonden publiciteit (OMV_2026061477),Wiegstraat 3 te 2000 Antwerpen,wijzigen van de functie van detailhandel naar restaurant-café en plaatsen van zaakgebonden publiciteit (,OMV_2026061477,,,18/06/2026,17/07/2026,,no
antwerpen.consultatieomgeving.net/openbare_onderzoeken,https://antwerpen.consultatieomgeving.net/burger/nl/OpenbareOnderzoeken/Details/8b099eb3-098e-43cc-b79b-12fcea8e4f61,Gebroeders Leemansstraat zonder nummer te 2180 Ekeren (Antwerpen) - bouwen van een eengezinswoning (OMV_2026049498),Gebroeders Leemansstraat zonder nummer te 2180 Ekeren (Antwerpen),bouwen van een eengezinswoning (,OMV_2026049498,,,18/06/2026,17/07/2026,,no
antwerpen.consultatieomgeving.net/openbare_onderzoeken,https://antwerpen.consultatieomgeving.net/burger/nl/OpenbareOnderzoeken/Details/f5a33a39-7dd1-492a-b3d3-36123feadd1f,Klein Zuidland 1 te 2030 Antwerpen. - Uitbreiding met de op- en overslag van afvalstoffen. (OMV_2026052892),Klein Zuidland 1 te 2030 Antwerpen.,Uitbreiding met de op- en overslag van afvalstoffen. (,OMV_2026052892,,,18/06/2026,17/07/2026,,no
antwerpen.consultatieomgeving.net/openbare_onderzoeken,https://antwerpen.consultatieomgeving.net/burger/nl/OpenbareOnderzoeken/Details/73fe199e-b9e6-4bc2-b861-a3779f0b011a,Groendalstraat 2 te 2000 Antwerpen - wijzigen van de voorgevel en plaatsen van zaakgebonden publiciteit (OMV_2026062601),Groendalstraat 2 te 2000 Antwerpen,wijzigen van de voorgevel en plaatsen van zaakgebonden publiciteit (,OMV_2026062601,,,18/06/2026,17/07/2026,,no
antwerpen.consultatieomgeving.net/openbare_onderzoeken,https://antwerpen.consultatieomgeving.net/burger/nl/OpenbareOnderzoeken/Details/7dbf9775-aa3d-4b74-8d02-6ee50772571e,Pinguïnstraat 17 te 2170 Merksem (Antwerpen) - wijzigen van de voorgevel (OMV_2026019399),Pinguïnstraat 17 te 2170 Merksem (Antwerpen),wijzigen van de voorgevel (,OMV_2026019399,,,17/06/2026,16/07/2026,,no
antwerpen.consultatieomgeving.net/openbare_onderzoeken,https://antwerpen.consultatieomgeving.net/burger/nl/OpenbareOnderzoeken/Details/8479408f-edd2-41cd-8f49-2fa04cdf199c,Maria-Theresialei ZN te 2180 Ekeren (Antwerpen) - vellen van twee hoogstammige bomen (OMV_2026038843),Maria-Theresialei ZN te 2180 Ekeren (Antwerpen),vellen van twee hoogstammige bomen (,OMV_2026038843,,,16/06/2026,15/07/2026,,no
antwerpen.consultatieomgeving.net/openbare_onderzoeken,https://antwerpen.consultatieomgeving.net/burger/nl/OpenbareOnderzoeken/Details/0c703419-a39a-4b02-89e6-b6ec8214010e,Grote Kauwenberg 7 te 2000 Antwerpen - verbouwen van een meergezinswoning met 4 woongelegenheden (OMV_2026050081),Grote Kauwenberg 7 te 2000 Antwerpen,verbouwen van een meergezinswoning met 4 woongelegenheden (,OMV_2026050081,,,16/06/2026,15/07/2026,,no
antwerpen.consultatieomgeving.net/openbare_onderzoeken,https://antwerpen.consultatieomgeving.net/burger/nl/OpenbareOnderzoeken/Details/50fe5be6-8aa8-4e13-a09c-0202030ef640,Volkstraat 15 te 2000 Antwerpen - wijzigen van de voorgevel (OMV_2026051475),Volkstraat 15 te 2000 Antwerpen,wijzigen van de voorgevel (,OMV_2026051475,,,16/06/2026,15/07/2026,,no
antwerpen.consultatieomgeving.net/openbare_onderzoeken,https://antwerpen.consultatieomgeving.net/burger/nl/OpenbareOnderzoeken/Details/7b25e63b-68df-4a46-8423-38173a407e11,Schriek 321 te 2180 Ekeren (Antwerpen) - vellen van één hoogstammige boom (OMV_2026042625),Schriek 321 te 2180 Ekeren (Antwerpen),vellen van één hoogstammige boom (,OMV_2026042625,,,16/06/2026,15/07/2026,,no
antwerpen.consultatieomgeving.net/openbare_onderzoeken,https://antwerpen.consultatieomgeving.net/burger/nl/OpenbareOnderzoeken/Details/5b1e96c6-e0d8-42ae-a62d-a98b4743e6d9,Lange Beeldekensstraat 320 te 2060 Antwerpen - verbouwen van een eengezinswoning met complementaire functie (OMV_2025155279),Lange Beeldekensstraat 320 te 2060 Antwerpen,verbouwen van een eengezinswoning met complementaire functie (,OMV_2025155279,,,16/06/2026,15/07/2026,,no
antwerpen.consultatieomgeving.net/openbare_onderzoeken,https://antwerpen.consultatieomgeving.net/burger/nl/OpenbareOnderzoeken/Details/f234defa-a852-4454-b23e-8ee9abaa5818,Rosekapellestraat 62-64 te 2150 Antwerpen (Borsbeek) - verkavelen van een perceel in 1 lot voor woningbouw (OMV_2026051292),Rosekapellestraat 62-64 te 2150 Antwerpen (Borsbeek),verkavelen van een perceel in 1 lot voor woningbouw (,OMV_2026051292,,,15/06/2026,14/07/2026,,no
antwerpen.consultatieomgeving.net/openbare_onderzoeken,https://antwerpen.consultatieomgeving.net/burger/nl/OpenbareOnderzoeken/Details/07b54beb-267f-41d3-ae64-200856c2ae53,Lange Lozanastraat 231 te 2018 Antwerpen - isoleren en bepleisteren van de linker zijgevel (OMV_2026008950),Lange Lozanastraat 231 te 2018 Antwerpen,isoleren en bepleisteren van de linker zijgevel (,OMV_2026008950,,,15/06/2026,14/07/2026,,no
antwerpen.consultatieomgeving.net/openbare_onderzoeken,https://antwerpen.consultatieomgeving.net/burger/nl/OpenbareOnderzoeken/Details/01899e4f-ef53-4988-8cd2-a22ae8e58405,"Antwerpsebaan 732 te 2040 Berendrecht-Zandvliet-Lillo (Antwerpen) - wijzigen van het reliëf (ophogen en afgraven), vellen van hoogstammige bomen en aanleggen van infrastructuur in kader van de ontwikkeling van een natuurgebied (OMV_2025154813)",Antwerpsebaan 732 te 2040 Berendrecht-Zandvliet-Lillo (Antwerpen),"wijzigen van het reliëf (ophogen en afgraven), vellen van hoogstammige bomen en aanleggen van infrastructuur in kader van de ontwikkeling van een natuurgebied (",OMV_2025154813,,,15/06/2026,14/07/2026,,no
antwerpen.consultatieomgeving.net/openbare_onderzoeken,https://antwerpen.consultatieomgeving.net/burger/nl/OpenbareOnderzoeken/Details/1ba49ca2-9b04-4e75-890a-6f3b49364393,Boerhaavestraat 267 te 2060 Antwerpen - renoveren en herbestemmen van gebouw W op de Stuivenbergsite en exploiteren van het dagziekenhuis van het Psychiatrisch Ziekenhuis Stuivenberg (OMV_2026004694),Boerhaavestraat 267 te 2060 Antwerpen,renoveren en herbestemmen van gebouw W op de Stuivenbergsite en exploiteren van het dagziekenhuis van het Psychiatrisch Ziekenhuis Stuivenberg (,OMV_2026004694,,,14/06/2026,13/07/2026,,no
antwerpen.consultatieomgeving.net/openbare_onderzoeken,https://antwerpen.consultatieomgeving.net/burger/nl/OpenbareOnderzoeken/Details/56cad4ac-25f7-44a3-8d26-2b458ecc8db6,"Leugenberg 105 te 2180 Ekeren (Antwerpen) - plaatsen zaakgebonden reclame, wijzigen gevels, aanleggen verharding, actualiseren van de exploitatie van een garagebedrijf met showroom en carrosserieafdeling en afwijking sectorale voorwaarde (OMV_2025116121)",Leugenberg 105 te 2180 Ekeren (Antwerpen),"plaatsen zaakgebonden reclame, wijzigen gevels, aanleggen verharding, actualiseren van de exploitatie van een garagebedrijf met showroom en carrosserieafdeling en afwijking sectorale voorwaarde (",OMV_2025116121,,,14/06/2026,13/07/2026,,no
antwerpen.consultatieomgeving.net/openbare_onderzoeken,https://antwerpen.consultatieomgeving.net/burger/nl/OpenbareOnderzoeken/Details/ede5b562-0ffd-479e-8bba-11f937d93b7c,"Boterhamvaartweg 11 2030 te Antwerpen en Boterhamvaartweg 11 2030 Antwerpen - Bouwen van een silobatterij met 20 silo's, aanleggen van verharding en beladingsplaats voor vrachtwagens; Uitbreiding met 20 silo's voor de opslag van kunststoffen (OMV_2026009504)",Boterhamvaartweg 11 2030 te Antwerpen en Boterhamvaartweg 11 2030 Antwerpen,"Bouwen van een silobatterij met 20 silo's, aanleggen van verharding en beladingsplaats voor vrachtwagens; Uitbreiding met 20 silo's voor de opslag van kunststoffen (",OMV_2026009504,,,14/06/2026,13/07/2026,,no
antwerpen.consultatieomgeving.net/openbare_onderzoeken,https://antwerpen.consultatieomgeving.net/burger/nl/OpenbareOnderzoeken/Details/3eda341f-2962-40c3-a0c3-01b2e4e8198c,"Lange Nieuwstraat 64-68, Eikenstraat 2 te 2000 Antwerpen - verbouwen en uitbreiden van het gebouw door het toevoegen van een bijkomende daklaag met de inrichting van vier extra woongelegenheden (OMV_2025134402)","Lange Nieuwstraat 64-68, Eikenstraat 2 te 2000 Antwerpen",verbouwen en uitbreiden van het gebouw door het toevoegen van een bijkomende daklaag met de inrichting van vier extra woongelegenheden (,OMV_2025134402,,,12/06/2026,11/07/2026,,no
antwerpen.consultatieomgeving.net/openbare_onderzoeken,https://antwerpen.consultatieomgeving.net/burger/nl/OpenbareOnderzoeken/Details/ed782cfc-d4b9-4558-ae98-90c278d20939,"Dendermondestraat 32-36 te 2018 Antwerpen - wijzigen van de voorgevel, verbouwen en uitbreiden van een ontmoetingsplaats (OMV_2026019837)",Dendermondestraat 32-36 te 2018 Antwerpen,"wijzigen van de voorgevel, verbouwen en uitbreiden van een ontmoetingsplaats (",OMV_2026019837,,,12/06/2026,11/07/2026,,no
antwerpen.consultatieomgeving.net/openbare_onderzoeken,https://antwerpen.consultatieomgeving.net/burger/nl/OpenbareOnderzoeken/Details/aeab50a0-4c79-49bb-b146-299dc77d7d48,Van Kerckhovenstraat 37-37A te 2060 Antwerpen - verbouwen van een gemengd gebouw en wijzigen van de gelijkvloerse functie naar dareca (OMV_2026060358),Van Kerckhovenstraat 37-37A te 2060 Antwerpen,verbouwen van een gemengd gebouw en wijzigen van de gelijkvloerse functie naar dareca (,OMV_2026060358,,,12/06/2026,11/07/2026,,no
antwerpen.consultatieomgeving.net/openbare_onderzoeken,https://antwerpen.consultatieomgeving.net/burger/nl/OpenbareOnderzoeken/Details/b1095637-e9b8-453f-9711-7f803afa2113,Perckhoevelaan ZN te 2610 Wilrijk (Antwerpen) - vellen van een boom (OMV_2026045724),Perckhoevelaan ZN te 2610 Wilrijk (Antwerpen),vellen van een boom (,OMV_2026045724,,,12/06/2026,11/07/2026,,no
antwerpen.consultatieomgeving.net/openbare_onderzoeken,https://antwerpen.consultatieomgeving.net/burger/nl/OpenbareOnderzoeken/Details/c38863ef-231d-41b7-8ef3-7ef8c6a6d1d8,Violierstraat 5 te 2060 Antwerpen - bijstellen van de brandvoorzorgsmaatregelen bij vergunning 2016136 voor de regularisatie van een dakappartement (OMV_2026057681),Violierstraat 5 te 2060 Antwerpen,bijstellen van de brandvoorzorgsmaatregelen bij vergunning 2016136 voor de regularisatie van een dakappartement (,OMV_2026057681,,,12/06/2026,11/07/2026,,no
antwerpen.consultatieomgeving.net/openbare_onderzoeken,https://antwerpen.consultatieomgeving.net/burger/nl/OpenbareOnderzoeken/Details/7c4abc06-feab-4770-898b-2ed9224c9def,"Kammenstraat 36, Kopstraatje 9 te 2000 Antwerpen - wijzigen van de voorgevel en de zaakgebonden publiciteit (OMV_2026049896)","Kammenstraat 36, Kopstraatje 9 te 2000 Antwerpen",wijzigen van de voorgevel en de zaakgebonden publiciteit (,OMV_2026049896,,,12/06/2026,11/07/2026,,no
antwerpen.consultatieomgeving.net/openbare_onderzoeken,https://antwerpen.consultatieomgeving.net/burger/nl/OpenbareOnderzoeken/Details/d6d255ff-2955-4e49-b3a6-eb25b4643726,Aalmoezenierstraat 80 te 2000 Antwerpen - uitvoeren van wijzigingen aan een meergezinswoning (OMV_2026022407),Aalmoezenierstraat 80 te 2000 Antwerpen,uitvoeren van wijzigingen aan een meergezinswoning (,OMV_2026022407,,,12/06/2026,11/07/2026,,no
antwerpen.consultatieomgeving.net/openbare_onderzoeken,https://antwerpen.consultatieomgeving.net/burger/nl/OpenbareOnderzoeken/Details/ce199456-80e0-464e-89ba-2fe6de508fbe,Isabellalei 39-39A te 2180 Antwerpen - verbouwen en uitbreiden van een eengezinswoning en aanleggen van verhardingen (OMV_2026048354),Isabellalei 39-39A te 2180 Antwerpen,verbouwen en uitbreiden van een eengezinswoning en aanleggen van verhardingen (,OMV_2026048354,,,12/06/2026,11/07/2026,,no
antwerpen.consultatieomgeving.net/openbare_onderzoeken,https://antwerpen.consultatieomgeving.net/burger/nl/OpenbareOnderzoeken/Details/c99fdaf8-4f9e-485b-86e0-f880f3a68a65,Keesinglaan 16-20 te 2100 Deurne (Antwerpen) - plaatsen van een totem met zaakgebonden publiciteit (OMV_2026059105),Keesinglaan 16-20 te 2100 Deurne (Antwerpen),plaatsen van een totem met zaakgebonden publiciteit (,OMV_2026059105,,,12/06/2026,11/07/2026,,no
antwerpen.consultatieomgeving.net/openbare_onderzoeken,https://antwerpen.consultatieomgeving.net/burger/nl/OpenbareOnderzoeken/Details/39b82929-b70f-4aa4-90fb-1bc612d4f2f2,Bisschoppenhoflaan 608-610 te 2100 Deurne (Antwerpen) - verbouwen en wijzigen van de functie van dagrecreatie naar gemeenschapsvoorziening (OMV_2026048836),Bisschoppenhoflaan 608-610 te 2100 Deurne (Antwerpen),verbouwen en wijzigen van de functie van dagrecreatie naar gemeenschapsvoorziening (,OMV_2026048836,,,11/06/2026,10/07/2026,,no
antwerpen.consultatieomgeving.net/openbare_onderzoeken,https://antwerpen.consultatieomgeving.net/burger/nl/OpenbareOnderzoeken/Details/51722edc-9f6c-414f-a361-99126ac7f360,"Lamorinièrestraat 274, Mechelsesteenweg 267 te 2018 Antwerpen - oprichten van een nieuwbouw met 58 appartementen en een casco ruimte voor diensten na sloop; de aanleg van een verticale bodem warmtewisselaarsysteem (gesloten bron) bestaande uit 15 boringen ten behoeve van de klimatisatie van 58 wooneenheden en een collectief systeem gekoppeld aan 4 grote lucht-waterwarmtepompen (OMV_2026032518)","Lamorinièrestraat 274, Mechelsesteenweg 267 te 2018 Antwerpen",oprichten van een nieuwbouw met 58 appartementen en een casco ruimte voor diensten na sloop; de aanleg van een verticale bodem warmtewisselaarsysteem (gesloten bron) bestaande uit 15 boringen ten behoeve van de klimatisatie van 58 wooneenheden en een collectief systeem gekoppeld aan 4 grote lucht-waterwarmtepompen (,OMV_2026032518,,,11/06/2026,10/07/2026,sloop,yes
antwerpen.consultatieomgeving.net/openbare_onderzoeken,https://antwerpen.consultatieomgeving.net/burger/nl/OpenbareOnderzoeken/Details/f3823289-2168-4c5d-a543-5aa6ac80c78c,Italiëlei 124 en Molenbergstraat 10 te 2000 Antwerpen - wijzigen van de inkomdeur van een kantoor (OMV_2026032565),Italiëlei 124 en Molenbergstraat 10 te 2000 Antwerpen,wijzigen van de inkomdeur van een kantoor (,OMV_2026032565,,,10/06/2026,09/07/2026,,no
antwerpen.consultatieomgeving.net/openbare_onderzoeken,https://antwerpen.consultatieomgeving.net/burger/nl/OpenbareOnderzoeken/Details/83267669-1c47-46f8-9948-45797dd7de8c,"Belgiëlei 143 te 2018 Antwerpen - deels slopen en verbouwen van een pand met de functie bedrijvigheid naar de functie gemeenschapsvoorziening, exploiteren van een warmtepomp (OMV_2025062153)",Belgiëlei 143 te 2018 Antwerpen,"deels slopen en verbouwen van een pand met de functie bedrijvigheid naar de functie gemeenschapsvoorziening, exploiteren van een warmtepomp (",OMV_2025062153,,,09/06/2026,08/07/2026,slopen,yes
antwerpen.consultatieomgeving.net/openbare_onderzoeken,https://antwerpen.consultatieomgeving.net/burger/nl/OpenbareOnderzoeken/Details/39af7be8-8d41-4373-8bcf-0ee7cd274e4c,Korte Gasthuisstraat 21-25 te 2000 Antwerpen - wijzigen van het schrijnwerk op het gelijkvloers tegen de rechter perceelgrens zijde Korte Gasthuisstraat (OMV_2026054637),Korte Gasthuisstraat 21-25 te 2000 Antwerpen,wijzigen van het schrijnwerk op het gelijkvloers tegen de rechter perceelgrens zijde Korte Gasthuisstraat (,OMV_2026054637,,,08/06/2026,07/07/2026,,no
antwerpen.consultatieomgeving.net/openbare_onderzoeken,https://antwerpen.consultatieomgeving.net/burger/nl/OpenbareOnderzoeken/Details/cce12a14-05e7-4ddd-b805-55cf5446307a,Oude Waag 6 te 2000 Antwerpen - wijzigen van het aantal woongelegenheden van 5 naar 4 (OMV_2026046202),Oude Waag 6 te 2000 Antwerpen,wijzigen van het aantal woongelegenheden van 5 naar 4 (,OMV_2026046202,,,08/06/2026,07/07/2026,,no
antwerpen.consultatieomgeving.net/openbare_onderzoeken,https://antwerpen.consultatieomgeving.net/burger/nl/OpenbareOnderzoeken/Details/6dc00b80-a7d8-4d9d-b283-396cd11c75e5,"Solvynsstraat 39A-41 te 2018 Antwerpen - slopen van een deel van de bestaande bebouwing, bouwen van een meergezinswoning met 5 wooneenheden, en het verbouwen van de achterbouw en het binnengebied (OMV_2026040930)",Solvynsstraat 39A-41 te 2018 Antwerpen,"slopen van een deel van de bestaande bebouwing, bouwen van een meergezinswoning met 5 wooneenheden, en het verbouwen van de achterbouw en het binnengebied (",OMV_2026040930,,,08/06/2026,07/07/2026,slopen,yes
antwerpen.consultatieomgeving.net/openbare_onderzoeken,https://antwerpen.consultatieomgeving.net/burger/nl/OpenbareOnderzoeken/Details/48c7cd17-b4b9-42ce-be50-843013379612,Sint-Michielskaai 33 te 2000 Antwerpen - verbouwen van een meergezinswoning met 4 woongelegenheden: duplexappartement en dakterras (OMV_2026005143),Sint-Michielskaai 33 te 2000 Antwerpen,verbouwen van een meergezinswoning met 4 woongelegenheden: duplexappartement en dakterras (,OMV_2026005143,,,08/06/2026,07/07/2026,,no
antwerpen.consultatieomgeving.net/openbare_onderzoeken,https://antwerpen.consultatieomgeving.net/burger/nl/OpenbareOnderzoeken/Details/65a735fa-4487-4615-b67a-e8c36527a470,"Gustaaf Garittestraat 1 te 2600 Berchem (Antwerpen), Gustaaf Garittestraat 17, Keizershoevestraat 15-17 te 2610 Wilrijk (Antwerpen) - slopen van een schoolgebouw, fietsenberging en twee luifels en bouwen van een schoolgebouw en het exploiteren van een warmtepomp op het dak (OMV_2026041251)","Gustaaf Garittestraat 1 te 2600 Berchem (Antwerpen), Gustaaf Garittestraat 17, Keizershoevestraat 15-17 te 2610 Wilrijk (Antwerpen)","slopen van een schoolgebouw, fietsenberging en twee luifels en bouwen van een schoolgebouw en het exploiteren van een warmtepomp op het dak (",OMV_2026041251,,,08/06/2026,07/07/2026,slopen,yes
antwerpen.consultatieomgeving.net/openbare_onderzoeken,https://antwerpen.consultatieomgeving.net/burger/nl/OpenbareOnderzoeken/Details/4c3d49dd-ef9b-499a-ab2b-f1a1717a23d7,Scheldelaan 10 te 2030 Antwerpen. - Afwijkingsaanvraag hoofdstuk 3.19.2.5.6 van VLAREM III. (OMV_2026012891),Scheldelaan 10 te 2030 Antwerpen.,Afwijkingsaanvraag hoofdstuk 3.19.2.5.6 van VLAREM III. (,OMV_2026012891,,,06/06/2026,05/07/2026,,no
antwerpen.consultatieomgeving.net/openbare_onderzoeken,https://antwerpen.consultatieomgeving.net/burger/nl/OpenbareOnderzoeken/Details/b320ad8f-ef5d-4f94-9fc6-c3ded4899d87,Nieuwe Westweg 11 te 2040 Antwerpen. - Herinrichting en uitbreiding van een containerterminal. (OMV_2023105397),Nieuwe Westweg 11 te 2040 Antwerpen.,Herinrichting en uitbreiding van een containerterminal. (,OMV_2023105397,,,06/06/2026,05/07/2026,,no
antwerpen.consultatieomgeving.net/openbare_onderzoeken,https://antwerpen.consultatieomgeving.net/burger/nl/OpenbareOnderzoeken/Details/75798a24-8347-49fc-a94b-09c14f045ab9,Industrieweg 16 te 2030 Antwerpen en Industrieweg 16 2030 Antwerpen - sloop van een tankenpark met aanhorigheden; wijziging van een op- en overslagbedrijf (OMV_2025154259),Industrieweg 16 te 2030 Antwerpen en Industrieweg 16 2030 Antwerpen,sloop van een tankenpark met aanhorigheden; wijziging van een op- en overslagbedrijf (,OMV_2025154259,,,06/06/2026,05/07/2026,sloop,yes
antwerpen.consultatieomgeving.net/openbare_onderzoeken,https://antwerpen.consultatieomgeving.net/burger/nl/OpenbareOnderzoeken/Details/29ad799f-5e11-46b3-89cc-713af4818740,Varkensmarkt 4 te 2000 Antwerpen - verbouwen van een pand tot meergezinswoning met 2 woongelegenheden en gelijkvloerse functie reca (OMV_2026048165),Varkensmarkt 4 te 2000 Antwerpen,verbouwen van een pand tot meergezinswoning met 2 woongelegenheden en gelijkvloerse functie reca (,OMV_2026048165,,,05/06/2026,04/07/2026,,no
antwerpen.consultatieomgeving.net/openbare_onderzoeken,https://antwerpen.consultatieomgeving.net/burger/nl/OpenbareOnderzoeken/Details/6f4736b7-7002-416a-b493-9078b6abc3f5,Vlaamsekaai 17-18 te 2000 Antwerpen - wijzigen van de voorgevel (OMV_2026045549),Vlaamsekaai 17-18 te 2000 Antwerpen,wijzigen van de voorgevel (,OMV_2026045549,,,05/06/2026,04/07/2026,,no
antwerpen.consultatieomgeving.net/openbare_onderzoeken,https://antwerpen.consultatieomgeving.net/burger/nl/OpenbareOnderzoeken/Details/b4590c19-a788-4c04-8da3-5dfbb221e12f,Klapdorp 70-70A te 2000 Antwerpen - verbouwen van een toonzaal bij een winkel tot appartement (OMV_2026037648),Klapdorp 70-70A te 2000 Antwerpen,verbouwen van een toonzaal bij een winkel tot appartement (,OMV_2026037648,,,05/06/2026,04/07/2026,,no
antwerpen.consultatieomgeving.net/openbare_onderzoeken,https://antwerpen.consultatieomgeving.net/burger/nl/OpenbareOnderzoeken/Details/7254f559-28a7-48a5-a2a9-f1739d4a8c11,Sint-Bartholomeusstraat 143 te 2170 Merksem (Antwerpen) - verbouwen van een woonhuis met vermeerderen van het aantal woongelegenheden van 4 naar 5 (OMV_2026022269),Sint-Bartholomeusstraat 143 te 2170 Merksem (Antwerpen),verbouwen van een woonhuis met vermeerderen van het aantal woongelegenheden van 4 naar 5 (,OMV_2026022269,,,05/06/2026,04/07/2026,,no
antwerpen.consultatieomgeving.net/openbare_onderzoeken,https://antwerpen.consultatieomgeving.net/burger/nl/OpenbareOnderzoeken/Details/b51830bf-d780-4a13-81f1-a9465ef99294,Viaduct-Dam 12-14 te 2060 Antwerpen - verbouwen van een meergezinswoning en wijzigen van het aantal woongelegenheden naar 3 appartementen (OMV_2024108909),Viaduct-Dam 12-14 te 2060 Antwerpen,verbouwen van een meergezinswoning en wijzigen van het aantal woongelegenheden naar 3 appartementen (,OMV_2024108909,,,04/06/2026,03/07/2026,,no
antwerpen.consultatieomgeving.net/openbare_onderzoeken,https://antwerpen.consultatieomgeving.net/burger/nl/OpenbareOnderzoeken/Details/fecc9f56-7de6-465e-8a1e-d7a9bd6e5af6,"Waalsekaai 61-62 te 2000 Antwerpen - wijzigen van de functie detailhandel naar kantoor, dienstverlening en vrije beroepen (OMV_2026040297)",Waalsekaai 61-62 te 2000 Antwerpen,"wijzigen van de functie detailhandel naar kantoor, dienstverlening en vrije beroepen (",OMV_2026040297,,,04/06/2026,03/07/2026,,no
antwerpen.consultatieomgeving.net/openbare_onderzoeken,https://antwerpen.consultatieomgeving.net/burger/nl/OpenbareOnderzoeken/Details/50de872c-6d12-42f4-a8f3-c13d715bd45f,Poorthoflaan 21 te 2180 Ekeren (Antwerpen) - verbouwen en uitbreiden van een eengezinswoning met scheimuurwijziging (OMV_2026027772),Poorthoflaan 21 te 2180 Ekeren (Antwerpen),verbouwen en uitbreiden van een eengezinswoning met scheimuurwijziging (,OMV_2026027772,,,04/06/2026,03/07/2026,,no
antwerpen.consultatieomgeving.net/openbare_onderzoeken,https://antwerpen.consultatieomgeving.net/burger/nl/OpenbareOnderzoeken/Details/c739fd55-12fd-4024-860d-4dbf9fbf3034,Boomsesteenweg 197 te 2610 Antwerpen - verbouwen en uitbreiden van een eengezinswoning (OMV_2026029352),Boomsesteenweg 197 te 2610 Antwerpen,verbouwen en uitbreiden van een eengezinswoning (,OMV_2026029352,,,03/06/2026,02/07/2026,,no
antwerpen.consultatieomgeving.net/openbare_onderzoeken,https://antwerpen.consultatieomgeving.net/burger/nl/OpenbareOnderzoeken/Details/8f8e0eb5-8b1b-4cd2-964c-6bc9fd50ce68,Tibert 7 te 2150 Borsbeek (Antwerpen) - vermeerderen van het aantal woongelegenheden van 3 naar 4 (OMV_2026042076),Tibert 7 te 2150 Borsbeek (Antwerpen),vermeerderen van het aantal woongelegenheden van 3 naar 4 (,OMV_2026042076,,,03/06/2026,02/07/2026,,no
